{
  "hFG1-18gNas": {
    "user_name": "Josh Edgoose",
    "user_url": "https://unsplash.com/@spicymeatball?utm_source=unsample&utm_medium=referral&utm_campaign=api-credit",
    "photo_url": "https://unsplash.com/photos/hFG1-18gNas?utm_source=unsample&utm_medium=referral&utm_campaign=api-credit"
  },
  "e384bP4Sieg": {
    "user_name": "Jaakko Kemppainen",
    "user_url": "https://unsplash.com/@jaakkok?utm_source=unsample&utm_medium=referral&utm_campaign=api-credit",
    "photo_url": "https://unsplash.com/photos/e384bP4Sieg?utm_source=unsample&utm_medium=referral&utm_campaign=api-credit"
  },
  "oTPrcrSZHe8": {
    "user_name": "Luemen Carlson",
    "user_url": "https://unsplash.com/@lulusphotography?utm_source=unsample&utm_medium=referral&utm_campaign=api-credit",
    "photo_url": "https://unsplash.com/photos/oTPrcrSZHe8?utm_source=unsample&utm_medium=referral&utm_campaign=api-credit"
  },
  "NublXDC-SV0": {
    "user_name": "Jessica Lewis",
    "user_url": "https://unsplash.com/@thepaintedsquare?utm_source=unsample&utm_medium=referral&utm_campaign=api-credit",
    "photo_url": "https://unsplash.com/photos/NublXDC-SV0?utm_source=unsample&utm_medium=referral&utm_campaign=api-credit"
  },
  "TkzdkVn1AyA": {
    "user_name": "Mae Mu",
    "user_url": "https://unsplash.com/@picoftasty?utm_source=unsample&utm_medium=referral&utm_campaign=api-credit",
    "photo_url": "https://unsplash.com/photos/TkzdkVn1AyA?utm_source=unsample&utm_medium=referral&utm_campaign=api-credit"
  },
  "mfU50hZmjNI": {
    "user_name": "eberhard grossgasteiger",
    "user_url": "https://unsplash.com/@eberhardgross?utm_source=unsample&utm_medium=referral&utm_campaign=api-credit",
    "photo_url": "https://unsplash.com/photos/mfU50hZmjNI?utm_source=unsample&utm_medium=referral&utm_campaign=api-credit"
  },
  "BmDVzZrUxIU": {
    "user_name": "Steve Halama",
    "user_url": "https://unsplash.com/@steve3p_0?utm_source=unsample&utm_medium=referral&utm_campaign=api-credit",
    "photo_url": "https://unsplash.com/photos/BmDVzZrUxIU?utm_source=unsample&utm_medium=referral&utm_campaign=api-credit"
  },
  "cixc3zphaHc": {
    "user_name": "Jordan Harrison",
    "user_url": "https://unsplash.com/@aligns?utm_source=unsample&utm_medium=referral&utm_campaign=api-credit",
    "photo_url": "https://unsplash.com/photos/cixc3zphaHc?utm_source=unsample&utm_medium=referral&utm_campaign=api-credit"
  },
  "1w4tbdPtFSI": {
    "user_name": "Ari Hamdan",
    "user_url": "https://unsplash.com/@arihamdan?utm_source=unsample&utm_medium=referral&utm_campaign=api-credit",
    "photo_url": "https://unsplash.com/photos/1w4tbdPtFSI?utm_source=unsample&utm_medium=referral&utm_campaign=api-credit"
  },
  "4mA9_5vbZ_s": {
    "user_name": "Yuliya Kosolapova",
    "user_url": "https://unsplash.com/@yuli_superson?utm_source=unsample&utm_medium=referral&utm_campaign=api-credit",
    "photo_url": "https://unsplash.com/photos/4mA9_5vbZ_s?utm_source=unsample&utm_medium=referral&utm_campaign=api-credit"
  },
  "x1hDZOryz0c": {
    "user_name": "Toa Heftiba",
    "user_url": "https://unsplash.com/@heftiba?utm_source=unsample&utm_medium=referral&utm_campaign=api-credit",
    "photo_url": "https://unsplash.com/photos/x1hDZOryz0c?utm_source=unsample&utm_medium=referral&utm_campaign=api-credit"
  },
  "9b1N1D3aw14": {
    "user_name": "Niklas Weiss",
    "user_url": "https://unsplash.com/@treesoftheplanet?utm_source=unsample&utm_medium=referral&utm_campaign=api-credit",
    "photo_url": "https://unsplash.com/photos/9b1N1D3aw14?utm_source=unsample&utm_medium=referral&utm_campaign=api-credit"
  },
  "Ud0vDIELOFY": {
    "user_name": "Anita Austvika",
    "user_url": "https://unsplash.com/@anitaaustvika?utm_source=unsample&utm_medium=referral&utm_campaign=api-credit",
    "photo_url": "https://unsplash.com/photos/Ud0vDIELOFY?utm_source=unsample&utm_medium=referral&utm_campaign=api-credit"
  },
  "5Dw0WrcbK40": {
    "user_name": "Maxim Shklyaev",
    "user_url": "https://unsplash.com/@shklyaevmax?utm_source=unsample&utm_medium=referral&utm_campaign=api-credit",
    "photo_url": "https://unsplash.com/photos/5Dw0WrcbK40?utm_source=unsample&utm_medium=referral&utm_campaign=api-credit"
  },
  "QsqpNywH2bs": {
    "user_name": "Hanson Lu",
    "user_url": "https://unsplash.com/@hansonlujx?utm_source=unsample&utm_medium=referral&utm_campaign=api-credit",
    "photo_url": "https://unsplash.com/photos/QsqpNywH2bs?utm_source=unsample&utm_medium=referral&utm_campaign=api-credit"
  },
  "DkkVU4N1zZw": {
    "user_name": "Charles 🇵🇭",
    "user_url": "https://unsplash.com/@charlesdeluvio?utm_source=unsample&utm_medium=referral&utm_campaign=api-credit",
    "photo_url": "https://unsplash.com/photos/DkkVU4N1zZw?utm_source=unsample&utm_medium=referral&utm_campaign=api-credit"
  },
  "XacjgAoqdnI": {
    "user_name": "David Clode",
    "user_url": "https://unsplash.com/@davidclode?utm_source=unsample&utm_medium=referral&utm_campaign=api-credit",
    "photo_url": "https://unsplash.com/photos/XacjgAoqdnI?utm_source=unsample&utm_medium=referral&utm_campaign=api-credit"
  },
  "TSJ1l_-Xepg": {
    "user_name": "Casey Horner",
    "user_url": "https://unsplash.com/@mischievous_penguins?utm_source=unsample&utm_medium=referral&utm_campaign=api-credit",
    "photo_url": "https://unsplash.com/photos/TSJ1l_-Xepg?utm_source=unsample&utm_medium=referral&utm_campaign=api-credit"
  },
  "itzjVGtdi1M": {
    "user_name": "Paul Bence",
    "user_url": "https://unsplash.com/@bencepaul?utm_source=unsample&utm_medium=referral&utm_campaign=api-credit",
    "photo_url": "https://unsplash.com/photos/itzjVGtdi1M?utm_source=unsample&utm_medium=referral&utm_campaign=api-credit"
  },
  "xmrL-yps7gI": {
    "user_name": "Brandon Erlinger-Ford",
    "user_url": "https://unsplash.com/@beeford?utm_source=unsample&utm_medium=referral&utm_campaign=api-credit",
    "photo_url": "https://unsplash.com/photos/xmrL-yps7gI?utm_source=unsample&utm_medium=referral&utm_campaign=api-credit"
  },
  "VoDeaVasbfY": {
    "user_name": "eberhard grossgasteiger",
    "user_url": "https://unsplash.com/@eberhardgross?utm_source=unsample&utm_medium=referral&utm_campaign=api-credit",
    "photo_url": "https://unsplash.com/photos/VoDeaVasbfY?utm_source=unsample&utm_medium=referral&utm_campaign=api-credit"
  },
  "--anoWjsY-8": {
    "user_name": "Spencer Davis",
    "user_url": "https://unsplash.com/@spencerdavis?utm_source=unsample&utm_medium=referral&utm_campaign=api-credit",
    "photo_url": "https://unsplash.com/photos/--anoWjsY-8?utm_source=unsample&utm_medium=referral&utm_campaign=api-credit"
  },
  "5uNKyPO7QNY": {
    "user_name": "this isme",
    "user_url": "https://unsplash.com/@thisme?utm_source=unsample&utm_medium=referral&utm_campaign=api-credit",
    "photo_url": "https://unsplash.com/photos/5uNKyPO7QNY?utm_source=unsample&utm_medium=referral&utm_campaign=api-credit"
  },
  "arwTpnIUHdM": {
    "user_name": "Paweł Czerwiński",
    "user_url": "https://unsplash.com/@pawel_czerwinski?utm_source=unsample&utm_medium=referral&utm_campaign=api-credit",
    "photo_url": "https://unsplash.com/photos/arwTpnIUHdM?utm_source=unsample&utm_medium=referral&utm_campaign=api-credit"
  },
  "vNqRo1a0A8U": {
    "user_name": "Paweł Czerwiński",
    "user_url": "https://unsplash.com/@pawel_czerwinski?utm_source=unsample&utm_medium=referral&utm_campaign=api-credit",
    "photo_url": "https://unsplash.com/photos/vNqRo1a0A8U?utm_source=unsample&utm_medium=referral&utm_campaign=api-credit"
  },
  "fdCltB6fTxc": {
    "user_name": "Michał Brzeżański",
    "user_url": "https://unsplash.com/@mbrzez?utm_source=unsample&utm_medium=referral&utm_campaign=api-credit",
    "photo_url": "https://unsplash.com/photos/fdCltB6fTxc?utm_source=unsample&utm_medium=referral&utm_campaign=api-credit"
  },
  "rIzgXQCT2Xk": {
    "user_name": "Joshua Fuller",
    "user_url": "https://unsplash.com/@joshuafuller?utm_source=unsample&utm_medium=referral&utm_campaign=api-credit",
    "photo_url": "https://unsplash.com/photos/rIzgXQCT2Xk?utm_source=unsample&utm_medium=referral&utm_campaign=api-credit"
  },
  "Jgvwdl3gKxk": {
    "user_name": "alexandra marcu",
    "user_url": "https://unsplash.com/@alexandramarcu?utm_source=unsample&utm_medium=referral&utm_campaign=api-credit",
    "photo_url": "https://unsplash.com/photos/Jgvwdl3gKxk?utm_source=unsample&utm_medium=referral&utm_campaign=api-credit"
  },
  "FsFx-RzfV0A": {
    "user_name": "Anita Austvika",
    "user_url": "https://unsplash.com/@anitaaustvika?utm_source=unsample&utm_medium=referral&utm_campaign=api-credit",
    "photo_url": "https://unsplash.com/photos/FsFx-RzfV0A?utm_source=unsample&utm_medium=referral&utm_campaign=api-credit"
  },
  "zXRxkI4vMZg": {
    "user_name": "Patrick Hendry",
    "user_url": "https://unsplash.com/@worldsbetweenlines?utm_source=unsample&utm_medium=referral&utm_campaign=api-credit",
    "photo_url": "https://unsplash.com/photos/zXRxkI4vMZg?utm_source=unsample&utm_medium=referral&utm_campaign=api-credit"
  }
}